{"ID":"tone","agg_exec_count":40,"checksum64":"6+6NweXmRGcA9Qo38q2vkwLHHuRdOlrWiAh3DMiCTRk=\n","files":{"hello.S":".data\r\n\r\n/* Data segment: define our message string and calculate its length. */\r\nmsg:\r\n    .ascii        \"Hello folks!\\n\"\r\nlen = . - msg\r\n\r\n.text\r\n\r\n/* Our application's entry point. */\r\n.global _start\r\n_start:\r\n    /* syscall write(int fd, const void *buf, size_t count) */\r\n    mov     x0, #1      /* fd := STDOUT_FILENO */\r\n    ldr     x1, =msg    /* buf := msg */\r\n    ldr     x2, =len    /* count := len */\r\n    mov     w8, #64     /* write is syscall #64 */\r\n    svc     #0          /* invoke syscall */\r\n\r\n    /* syscall exit(int status) */\r\n    mov     x0, #0      /* status := 0 */\r\n    mov     w8, #93     /* exit is syscall #93 */\r\n    svc     #0          /* invoke syscall */\r\n"},"line_count":8,"max_test_points":15,"name":"Test One","pct_comment_only_lines":50,"project_checksum64":"J2AYu/v0Gjn26dI11TCeu30zHu/ObDHjJiBxxslNgTs=\n","project_name":"Hello World Project (noMustPass-noSkip)","received_test_points":10,"timestamp":"2025-02-21T18:25:14.273359+00:00","total":0.6666666666666666}