{"ID":"ttwo","agg_exec_count":24,"checksum64":"go7DaOgFR9YSQTSWkYqbP5b/BUyf/DHZHXfq5zR0aTM=\n","comment_only_lines":4,"files":{"hello.S":".data\r\n\r\n/* Data segment: define our message string and calculate its length. */\r\nmsg:\r\n    .ascii        \"Hello folks!\\n\"\r\nlen = . - msg\r\n\r\n.text\r\n\r\n/* Our application's entry point. */\r\n.global _start\r\n_start:\r\n    /* syscall write(int fd, const void *buf, size_t count) */\r\n    mov     x0, #1      /* fd := STDOUT_FILENO */\r\n    ldr     x1, =msg    /* buf := msg */\r\n    ldr     x2, =len    /* count := len */\r\n    mov     w8, #64     /* write is syscall #64 */\r\n    svc     #0          /* invoke syscall */\r\n\r\n    /* syscall exit(int status) */\r\n    mov     x0, #0     \r\n    mov     w8, #93     /* exit is syscall #93 */\r\n    svc     #0\r\n"},"inline_comment_count":6,"instr_count":8,"max_test_points":15,"name":"Test Two","project_checksum64":"lT3BMpLyouyU46bVUtHByMpVKx5y8fpWALr084eZGvs=\n","project_name":"Hello World Project (noMustPass-yesSkip)","received_test_points":10,"timestamp":"2025-02-24T21:10:41.358438+00:00","total":0.625}